SpellID,SkillName,RequiredSkill
2166,Leatherworking,120
2329,Alchemy,1
2161,Leatherworking,55
2401,Tailoring,95
2396,Tailoring,70
2399,Tailoring,85
2162,Leatherworking,60
2333,Alchemy,140
2163,Leatherworking,60
2169,Leatherworking,100
2159,Leatherworking,85
2168,Leatherworking,110
2392,Tailoring,40
2387,Tailoring,1
2331,Alchemy,25
2385,Tailoring,10
2335,Alchemy,60
2330,Alchemy,1
2167,Leatherworking,100
2337,Alchemy,55
2164,Leatherworking,75
2149,Leatherworking,1
2158,Leatherworking,90
2403,Tailoring,105
2153,Leatherworking,15
2395,Tailoring,70
2393,Tailoring,1
2334,Alchemy,50
2402,Tailoring,75
2394,Tailoring,40
2160,Leatherworking,40
2539,Cooking,10
2332,Alchemy,40
2386,Tailoring,65
2165,Leatherworking,100
2406,Tailoring,100
2389,Tailoring,40
2397,Tailoring,60
2152,Leatherworking,1
2659,Mining,65
2658,Mining,75
2541,Cooking,50
2546,Cooking,80
2542,Cooking,50
2547,Cooking,100
2544,Cooking,75
2543,Cooking,75
2660,Blacksmithing,1
2545,Cooking,85
2548,Cooking,110
2549,Cooking,100
2662,Blacksmithing,1
2661,Blacksmithing,35
2668,Blacksmithing,105
2667,Blacksmithing,80
2664,Blacksmithing,90
2663,Blacksmithing,1
2673,Blacksmithing,130
2739,Blacksmithing,25
2737,Blacksmithing,15
2964,Tailoring,75
2674,Blacksmithing,125
2666,Blacksmithing,70
2740,Blacksmithing,110
2795,Cooking,25
2741,Blacksmithing,115
2675,Blacksmithing,145
2742,Blacksmithing,120
2670,Blacksmithing,105
2963,Tailoring,1
2672,Blacksmithing,120
2738,Blacksmithing,20
2881,Leatherworking,1
2665,Blacksmithing,65
3117,Blacksmithing,125
3115,Blacksmithing,1
3170,Alchemy,15
3176,Alchemy,125
3173,Alchemy,120
3174,Alchemy,120
3175,Alchemy,250
3116,Blacksmithing,65
3230,Alchemy,50
3172,Alchemy,110
3188,Alchemy,150
3171,Alchemy,90
3275,First Aid,1
3278,First Aid,115
3276,First Aid,40
3294,Blacksmithing,70
3177,Alchemy,130
3304,Mining,65
3292,Blacksmithing,95
3307,Mining,125
3296,Blacksmithing,130
3297,Blacksmithing,145
3295,Blacksmithing,125
3277,First Aid,80
3376,Cooking,130
3326,Blacksmithing,75
3320,Blacksmithing,25
3337,Blacksmithing,125
3308,Mining,155
3323,Blacksmithing,40
3371,Cooking,60
3370,Cooking,80
3321,Blacksmithing,35
3399,Cooking,150
3328,Blacksmithing,110
3293,Blacksmithing,35
3334,Blacksmithing,145
3491,Blacksmithing,105
3397,Cooking,110
3330,Blacksmithing,125
3450,Alchemy,175
3333,Blacksmithing,135
3324,Blacksmithing,45
3493,Blacksmithing,175
3500,Blacksmithing,200
3449,Alchemy,165
3497,Blacksmithing,200
3373,Cooking,120
3372,Cooking,90
3498,Blacksmithing,185
3453,Alchemy,195
3325,Blacksmithing,60
3494,Blacksmithing,155
3492,Blacksmithing,160
3336,Blacksmithing,150
3377,Cooking,110
3452,Alchemy,160
3398,Cooking,125
3331,Blacksmithing,130
3495,Blacksmithing,170
3448,Alchemy,165
3454,Alchemy,200
3400,Cooking,175
3496,Blacksmithing,180
3319,Blacksmithing,20
3451,Alchemy,180
3506,Blacksmithing,155
3505,Blacksmithing,175
3503,Blacksmithing,190
3447,Alchemy,110
3513,Blacksmithing,185
3502,Blacksmithing,170
3501,Blacksmithing,165
3759,Leatherworking,75
3569,Mining,165
3755,Tailoring,45
3507,Blacksmithing,170
3511,Blacksmithing,195
3757,Tailoring,80
3504,Blacksmithing,160
3508,Blacksmithing,180
3762,Leatherworking,100
3753,Leatherworking,25
3758,Tailoring,95
3768,Leatherworking,130
3772,Leatherworking,155
3767,Leatherworking,120
3763,Leatherworking,80
3770,Leatherworking,135
3515,Blacksmithing,200
3764,Leatherworking,145
3817,Leatherworking,100
3760,Leatherworking,150
3761,Leatherworking,85
3756,Leatherworking,55
3849,Tailoring,120
3769,Leatherworking,140
3843,Tailoring,85
3839,Tailoring,125
3773,Leatherworking,175
3765,Leatherworking,120
3766,Leatherworking,125
3776,Leatherworking,180
3777,Leatherworking,195
3813,Tailoring,150
3779,Leatherworking,200
3818,Leatherworking,150
3857,Tailoring,165
3840,Tailoring,35
3778,Leatherworking,185
3816,Leatherworking,35
3850,Tailoring,110
3775,Leatherworking,170
3771,Leatherworking,150
3844,Tailoring,100
3848,Tailoring,110
3855,Tailoring,125
3845,Tailoring,80
3774,Leatherworking,160
3854,Tailoring,145
3842,Tailoring,70
3851,Tailoring,125
3865,Tailoring,175
3866,Tailoring,110
3780,Leatherworking,150
3919,Engineering,1
3860,Tailoring,175
3856,Tailoring,140
3914,Tailoring,30
3872,Tailoring,185
3858,Tailoring,170
3847,Tailoring,95
3871,Tailoring,170
3918,Engineering,1
3859,Tailoring,150
3923,Engineering,30
3870,Tailoring,155
3869,Tailoring,135
3931,Engineering,75
3922,Engineering,30
3841,Tailoring,60
3862,Tailoring,200
3926,Engineering,65
3929,Engineering,75
3852,Tailoring,130
3873,Tailoring,200
3868,Tailoring,125
3930,Engineering,75
3934,Engineering,100
3861,Tailoring,185
3864,Tailoring,200
3863,Tailoring,180
3924,Engineering,50
3942,Engineering,125
3940,Engineering,120
3925,Engineering,50
3939,Engineering,120
3949,Engineering,130
3932,Engineering,85
3961,Engineering,170
3945,Engineering,125
3962,Engineering,175
3956,Engineering,150
3941,Engineering,120
3937,Engineering,105
3933,Engineering,100
3954,Engineering,145
3953,Engineering,145
3947,Engineering,125
3973,Engineering,90
3944,Engineering,125
3958,Engineering,160
3915,Tailoring,1
3959,Engineering,160
3966,Engineering,185
3946,Engineering,125
3979,Engineering,180
3950,Engineering,140
3928,Engineering,75
3952,Engineering,140
3967,Engineering,190
3936,Engineering,105
3938,Engineering,105
3960,Engineering,165
3968,Engineering,195
4096,Leatherworking,165
3965,Engineering,185
3971,Engineering,200
4942,Alchemy,215
4508,Alchemy,50
3955,Engineering,150
3977,Engineering,60
3957,Engineering,155
3972,Engineering,200
4094,Cooking,175
3978,Engineering,110
4097,Leatherworking,165
3969,Engineering,200
6417,Cooking,90
5244,Leatherworking,40
3963,Engineering,175
6418,Cooking,100
6412,Cooking,10
6617,Alchemy,60
6419,Cooking,110
6414,Cooking,35
6518,Blacksmithing,140
6521,Tailoring,90
6624,Alchemy,150
6517,Blacksmithing,110
6416,Cooking,50
6688,Tailoring,115
6415,Cooking,50
6705,Leatherworking,190
6501,Cooking,90
7183,Alchemy,1
6690,Tailoring,135
6702,Leatherworking,90
7126,Leatherworking,1
6458,Engineering,135
6499,Cooking,50
7149,Leatherworking,170
6413,Cooking,20
6661,Leatherworking,190
7156,Leatherworking,190
7135,Leatherworking,115
6686,Tailoring,70
7457,Enchanting,50
6618,Alchemy,175
7147,Leatherworking,160
6500,Cooking,125
7153,Leatherworking,185
7133,Leatherworking,105
6693,Tailoring,175
7223,Blacksmithing,185
7221,Blacksmithing,150
6703,Leatherworking,95
7224,Blacksmithing,190
6695,Tailoring,185
7213,Cooking,175
7181,Alchemy,155
7256,Alchemy,135
7255,Alchemy,100
7421,Enchanting,1
6692,Tailoring,150
7222,Blacksmithing,165
7755,Cooking,100
7454,Enchanting,45
7408,Blacksmithing,65
7443,Enchanting,20
7430,Engineering,50
6704,Leatherworking,170
7426,Enchanting,40
7753,Cooking,50
7639,Tailoring,100
7179,Alchemy,90
7151,Leatherworking,175
7624,Tailoring,30
7258,Alchemy,190
7623,Tailoring,30
7643,Tailoring,115
7776,Enchanting,80
7633,Tailoring,70
7795,Enchanting,100
7782,Enchanting,80
7259,Alchemy,190
7793,Enchanting,100
7836,Alchemy,80
7257,Alchemy,165
7752,Cooking,1
7630,Tailoring,55
7845,Alchemy,140
7748,Enchanting,60
7745,Enchanting,100
7827,Cooking,50
7766,Enchanting,60
7841,Alchemy,100
7771,Enchanting,70
7857,Enchanting,120
7861,Enchanting,125
7629,Tailoring,55
7754,Cooking,50
7892,Tailoring,120
7786,Enchanting,90
7929,First Aid,180
7893,Tailoring,120
7828,Cooking,175
7817,Blacksmithing,95
7818,Blacksmithing,100
7863,Enchanting,125
7867,Enchanting,125
7955,Leatherworking,115
7859,Enchanting,120
7788,Enchanting,90
7953,Leatherworking,90
7420,Enchanting,15
8240,Alchemy,90
7954,Leatherworking,105
7935,First Aid,130
8334,Engineering,100
7837,Alchemy,130
8367,Blacksmithing,100
7928,First Aid,150
8322,Leatherworking,90
8762,Tailoring,160
8772,Tailoring,175
8238,Cooking,85
8339,Engineering,100
8483,Tailoring,160
8760,Tailoring,145
7934,First Aid,80
8768,Blacksmithing,150
8465,Tailoring,40
8782,Tailoring,150
8604,Cooking,1
8489,Tailoring,175
7751,Cooking,1
7779,Enchanting,80
8793,Tailoring,190
8607,Cooking,40
8799,Tailoring,195
8243,Engineering,185
8758,Tailoring,140
8766,Tailoring,175
9058,Leatherworking,1
8776,Tailoring,15
8795,Tailoring,190
8780,Tailoring,145
8764,Tailoring,170
8774,Tailoring,180
8786,Tailoring,175
8770,Tailoring,190
8467,Tailoring,110
8784,Tailoring,165
8802,Tailoring,205
8791,Tailoring,185
9145,Leatherworking,125
9070,Leatherworking,100
9059,Leatherworking,1
8804,Tailoring,210
9064,Leatherworking,35
8880,Blacksmithing,30
8797,Tailoring,195
9065,Leatherworking,70
9062,Leatherworking,30
8895,Engineering,225
9074,Leatherworking,120
8789,Tailoring,180
9149,Leatherworking,145
9147,Leatherworking,135
9068,Leatherworking,95
9198,Leatherworking,180
9146,Leatherworking,135
9195,Leatherworking,165
9273,Engineering,165
9513,Cooking,60
9193,Leatherworking,150
9194,Leatherworking,150
9060,Leatherworking,30
9196,Leatherworking,175
9814,Blacksmithing,175
9208,Leatherworking,200
9072,Leatherworking,120
9206,Leatherworking,195
9928,Blacksmithing,205
9271,Engineering,150
9197,Leatherworking,175
9201,Leatherworking,185
9935,Blacksmithing,215
9202,Leatherworking,190
9933,Blacksmithing,210
9921,Blacksmithing,200
9269,Engineering,125
9818,Blacksmithing,180
9918,Blacksmithing,200
9148,Leatherworking,140
9813,Blacksmithing,160
9820,Blacksmithing,185
9916,Blacksmithing,200
9920,Blacksmithing,200
9931,Blacksmithing,210
9207,Leatherworking,200
9811,Blacksmithing,160
9945,Blacksmithing,220
9957,Blacksmithing,230
9961,Blacksmithing,230
9939,Blacksmithing,215
9970,Blacksmithing,245
9974,Blacksmithing,245
9937,Blacksmithing,215
9950,Blacksmithing,220
9954,Blacksmithing,225
9968,Blacksmithing,235
9952,Blacksmithing,225
9959,Blacksmithing,230
9987,Blacksmithing,135
9983,Blacksmithing,30
9979,Blacksmithing,245
9966,Blacksmithing,235
9964,Blacksmithing,235
9972,Blacksmithing,240
10001,Blacksmithing,230
9985,Blacksmithing,125
9997,Blacksmithing,225
9980,Blacksmithing,245
9986,Blacksmithing,130
10097,Mining,175
9926,Blacksmithing,205
10009,Blacksmithing,245
10490,Leatherworking,200
10005,Blacksmithing,240
9995,Blacksmithing,220
10507,Leatherworking,205
10013,Blacksmithing,255
9993,Blacksmithing,210
10499,Leatherworking,205
10003,Blacksmithing,235
10525,Leatherworking,220
10098,Mining,230
10482,Leatherworking,200
10533,Leatherworking,220
10516,Leatherworking,210
10007,Blacksmithing,245
10487,Leatherworking,200
10011,Blacksmithing,250
10015,Blacksmithing,260
10531,Leatherworking,220
10546,Leatherworking,225
10509,Leatherworking,205
10511,Leatherworking,210
10542,Leatherworking,225
10556,Leatherworking,235
10554,Leatherworking,235
10564,Leatherworking,240
10621,Leatherworking,225
10518,Leatherworking,210
10562,Leatherworking,240
10574,Leatherworking,250
10529,Leatherworking,220
10548,Leatherworking,230
10647,Leatherworking,250
10552,Leatherworking,230
10520,Leatherworking,215
10560,Leatherworking,240
10630,Leatherworking,230
10568,Leatherworking,245
10650,Leatherworking,255
10544,Leatherworking,225
11457,Alchemy,215
11452,Alchemy,215
10566,Leatherworking,245
11454,Blacksmithing,200
11453,Alchemy,210
10619,Leatherworking,225
10840,First Aid,210
11450,Alchemy,195
11448,Alchemy,205
11458,Alchemy,225
11479,Alchemy,225
10570,Leatherworking,250
11460,Alchemy,230
10572,Leatherworking,250
11466,Alchemy,240
11456,Alchemy,210
11465,Alchemy,235
10841,First Aid,240
10558,Leatherworking,235
11451,Alchemy,205
11473,Alchemy,245
10632,Leatherworking,250
11480,Alchemy,225
11464,Alchemy,235
11478,Alchemy,250
11449,Alchemy,185
11472,Alchemy,245
11643,Blacksmithing,205
11459,Alchemy,225
11477,Alchemy,250
11468,Alchemy,240
12048,Tailoring,205
11467,Alchemy,240
11476,Alchemy,250
11461,Alchemy,235
12047,Tailoring,120
12044,Tailoring,1
12060,Tailoring,215
12069,Tailoring,225
12067,Tailoring,225
12050,Tailoring,210
12049,Tailoring,205
12052,Tailoring,210
12091,Tailoring,250
12045,Tailoring,20
12056,Tailoring,215
12046,Tailoring,75
12061,Tailoring,215
12080,Tailoring,235
12064,Tailoring,220
12053,Tailoring,215
12055,Tailoring,215
12085,Tailoring,240
12059,Tailoring,215
12070,Tailoring,225
12073,Tailoring,230
12066,Tailoring,225
12074,Tailoring,230
12065,Tailoring,225
12075,Tailoring,230
12093,Tailoring,250
12089,Tailoring,245
12076,Tailoring,235
12072,Tailoring,230
12077,Tailoring,235
12086,Tailoring,245
12081,Tailoring,240
12585,Engineering,175
12082,Tailoring,240
12591,Engineering,200
12084,Tailoring,240
12079,Tailoring,235
12586,Engineering,175
12088,Tailoring,245
12619,Engineering,235
12092,Tailoring,250
12071,Tailoring,225
12587,Engineering,175
12609,Alchemy,200
12584,Engineering,150
12260,Blacksmithing,1
12715,Engineering,205
12615,Engineering,225
12590,Engineering,175
12617,Engineering,230
12597,Engineering,210
12078,Tailoring,235
12621,Engineering,245
12589,Engineering,195
12603,Engineering,215
12616,Engineering,225
12594,Engineering,205
12607,Engineering,220
12624,Engineering,250
12622,Engineering,245
12755,Engineering,230
12620,Engineering,240
12595,Engineering,205
12259,Blacksmithing,155
12618,Engineering,230
12599,Engineering,215
12718,Engineering,205
12717,Engineering,205
12614,Engineering,220
12596,Engineering,210
12758,Engineering,245
12754,Engineering,235
12903,Engineering,215
13028,Cooking,175
12760,Engineering,205
12905,Engineering,225
12907,Engineering,235
12899,Engineering,205
13421,Enchanting,115
12759,Engineering,240
12895,Engineering,205
12716,Engineering,205
13240,Engineering,205
12906,Engineering,230
12902,Engineering,210
13378,Enchanting,105
13485,Enchanting,130
13536,Enchanting,140
13626,Enchanting,150
13464,Enchanting,115
13612,Enchanting,145
13501,Enchanting,130
13503,Enchanting,140
13657,Enchanting,175
13522,Enchanting,135
12897,Engineering,210
13635,Enchanting,155
12908,Engineering,240
13640,Enchanting,160
13380,Enchanting,110
13607,Enchanting,145
13529,Enchanting,145
13419,Enchanting,110
13655,Enchanting,175
13689,Enchanting,195
13663,Enchanting,185
13648,Enchanting,170
13661,Enchanting,180
13646,Enchanting,170
13644,Enchanting,170
13620,Enchanting,145
13617,Enchanting,145
13746,Enchanting,205
13631,Enchanting,155
13698,Enchanting,200
13695,Enchanting,200
13622,Enchanting,150
13702,Enchanting,200
13642,Enchanting,165
13794,Enchanting,205
13846,Enchanting,220
13637,Enchanting,160
13693,Enchanting,195
13841,Enchanting,215
13822,Enchanting,210
13653,Enchanting,175
13836,Enchanting,215
13628,Enchanting,150
13817,Enchanting,210
13858,Enchanting,220
13868,Enchanting,225
13700,Enchanting,200
13687,Enchanting,190
13890,Enchanting,225
13945,Enchanting,245
13659,Enchanting,180
13939,Enchanting,240
13882,Enchanting,225
13917,Enchanting,230
13937,Enchanting,240
13538,Enchanting,140
13815,Enchanting,210
13941,Enchanting,245
14807,Enchanting,70
13887,Enchanting,225
14380,Blacksmithing,200
13933,Enchanting,235
13905,Enchanting,230
14932,Leatherworking,225
13931,Enchanting,235
13915,Enchanting,230
13947,Enchanting,250
13898,Enchanting,265
14379,Blacksmithing,150
14930,Leatherworking,225
14810,Enchanting,175
13935,Enchanting,235
13948,Enchanting,250
14293,Enchanting,10
15295,Blacksmithing,280
15255,Engineering,200
14809,Enchanting,155
15294,Blacksmithing,275
15292,Blacksmithing,265
15296,Blacksmithing,285
13943,Enchanting,245
15293,Blacksmithing,270
15855,Cooking,175
16153,Mining,230
15906,Cooking,200
15853,Cooking,125
15973,Blacksmithing,190
15633,Engineering,205
15856,Cooking,175
15861,Cooking,175
15865,Cooking,175
15933,Cooking,225
15833,Alchemy,230
15972,Blacksmithing,180
15863,Cooking,175
15915,Cooking,225
15596,Enchanting,265
15935,Cooking,1
16639,Blacksmithing,250
15628,Engineering,205
15910,Cooking,200
16645,Blacksmithing,260
16648,Blacksmithing,270
16653,Blacksmithing,280
16662,Blacksmithing,300
16651,Blacksmithing,275
16654,Blacksmithing,285
16649,Blacksmithing,270
16652,Blacksmithing,280
16643,Blacksmithing,250
16655,Blacksmithing,290
16656,Blacksmithing,290
16667,Blacksmithing,285
16660,Blacksmithing,290
16647,Blacksmithing,265
16640,Blacksmithing,250
16650,Blacksmithing,270
16665,Blacksmithing,300
16731,Blacksmithing,300
16657,Blacksmithing,295
16658,Blacksmithing,295
16742,Blacksmithing,300
16741,Blacksmithing,300
16661,Blacksmithing,295
16646,Blacksmithing,265
16729,Blacksmithing,300
16659,Blacksmithing,295
16726,Blacksmithing,300
16728,Blacksmithing,300
16730,Blacksmithing,300
16664,Blacksmithing,300
16745,Blacksmithing,300
16984,Blacksmithing,290
16642,Blacksmithing,250
16725,Blacksmithing,300
16644,Blacksmithing,255
16641,Blacksmithing,250
16663,Blacksmithing,300
16969,Blacksmithing,275
16732,Blacksmithing,300
16746,Blacksmithing,300
16744,Blacksmithing,300
16988,Blacksmithing,300
16970,Blacksmithing,275
16983,Blacksmithing,285
16973,Blacksmithing,280
17551,Alchemy,250
16995,Blacksmithing,300
17561,Alchemy,275
16990,Blacksmithing,300
16985,Blacksmithing,290
17570,Alchemy,280
16724,Blacksmithing,300
16978,Blacksmithing,280
17180,Enchanting,250
16994,Blacksmithing,300
17553,Alchemy,260
16993,Blacksmithing,300
17566,Alchemy,275
17572,Alchemy,285
17563,Alchemy,275
17181,Enchanting,250
16971,Blacksmithing,280
16991,Blacksmithing,300
17565,Alchemy,275
17562,Alchemy,275
17571,Alchemy,280
17552,Alchemy,255
17560,Alchemy,275
17576,Alchemy,290
17556,Alchemy,275
16992,Blacksmithing,300
17554,Alchemy,265
17573,Alchemy,285
17187,Alchemy,275
17580,Alchemy,295
17574,Alchemy,290
17575,Alchemy,290
18238,Cooking,225
17564,Alchemy,275
17555,Alchemy,270
17634,Alchemy,300
17559,Alchemy,275
17557,Alchemy,275
17577,Alchemy,290
18245,Cooking,275
17635,Alchemy,300
17638,Alchemy,300
18241,Cooking,225
18244,Cooking,250
17578,Alchemy,290
18401,Tailoring,250
18243,Cooking,250
18240,Cooking,240
18403,Tailoring,255
18242,Cooking,240
18402,Tailoring,255
18239,Cooking,225
17636,Alchemy,300
18247,Cooking,275
18413,Tailoring,270
18410,Tailoring,265
18408,Tailoring,260
18412,Tailoring,270
18417,Tailoring,275
18246,Cooking,275
17632,Alchemy,300
18407,Tailoring,260
18416,Tailoring,275
18409,Tailoring,265
18445,Tailoring,300
18424,Tailoring,280
18404,Tailoring,255
18405,Tailoring,260
17637,Alchemy,300
18420,Tailoring,275
18406,Tailoring,260
18411,Tailoring,265
18440,Tailoring,290
18415,Tailoring,270
18421,Tailoring,275
18438,Tailoring,285
18442,Tailoring,290
18451,Tailoring,300
18448,Tailoring,300
18436,Tailoring,285
18419,Tailoring,275
19048,Leatherworking,255
18418,Tailoring,275
18434,Tailoring,280
18439,Tailoring,290
18560,Tailoring,250
18414,Tailoring,270
18422,Tailoring,275
19047,Leatherworking,250
18437,Tailoring,285
18455,Tailoring,300
18446,Tailoring,300
18452,Tailoring,300
19050,Leatherworking,260
19054,Leatherworking,300
18447,Tailoring,300
18454,Tailoring,300
18441,Tailoring,290
18450,Tailoring,300
18423,Tailoring,280
19049,Leatherworking,260
18449,Tailoring,300
18444,Tailoring,295
18456,Tailoring,300
18458,Tailoring,300
18457,Tailoring,300
19051,Leatherworking,265
19068,Leatherworking,275
19052,Leatherworking,265
18629,First Aid,260
19059,Leatherworking,270
19053,Leatherworking,265
18453,Tailoring,300
19058,Leatherworking,250
19064,Leatherworking,275
19080,Leatherworking,285
19062,Leatherworking,270
19070,Leatherworking,280
19077,Leatherworking,285
19073,Leatherworking,280
19078,Leatherworking,285
19060,Leatherworking,270
19055,Leatherworking,270
19067,Leatherworking,275
18630,First Aid,290
19100,Leatherworking,300
19095,Leatherworking,300
19081,Leatherworking,290
19075,Leatherworking,285
19066,Leatherworking,275
19065,Leatherworking,275
19072,Leatherworking,280
19082,Leatherworking,290
19074,Leatherworking,285
19087,Leatherworking,295
19089,Leatherworking,295
19103,Leatherworking,300
19090,Leatherworking,295
19063,Leatherworking,275
19084,Leatherworking,290
19094,Leatherworking,300
19435,Tailoring,290
19093,Leatherworking,300
19083,Leatherworking,290
19076,Leatherworking,285
19104,Leatherworking,300
19086,Leatherworking,290
19791,Engineering,260
19796,Engineering,275
19061,Leatherworking,270
19071,Leatherworking,280
19092,Leatherworking,300
19790,Engineering,260
19088,Leatherworking,295
19101,Leatherworking,300
19107,Leatherworking,300
19098,Leatherworking,300
19830,Engineering,300
19666,Blacksmithing,100
20009,Enchanting,270
19815,Engineering,285
19091,Leatherworking,300
19567,Engineering,250
20017,Enchanting,265
19668,Blacksmithing,200
19097,Leatherworking,300
19102,Leatherworking,300
19079,Leatherworking,285
19667,Blacksmithing,150
20012,Enchanting,270
19800,Engineering,285
19799,Engineering,285
19085,Leatherworking,290
19788,Engineering,250
19792,Engineering,260
19794,Engineering,270
20030,Enchanting,295
20015,Enchanting,285
20016,Enchanting,280
19819,Engineering,290
19831,Engineering,300
20013,Enchanting,295
19669,Blacksmithing,275
20023,Enchanting,295
20020,Enchanting,260
20031,Enchanting,300
19795,Engineering,275
20010,Enchanting,295
20029,Enchanting,285
20008,Enchanting,255
19825,Engineering,290
20201,Blacksmithing,275
20626,Cooking,225
19814,Engineering,275
19833,Engineering,300
20014,Enchanting,265
19793,Engineering,265
20011,Enchanting,300
20035,Enchanting,300
20854,Leatherworking,300
20036,Enchanting,300
20025,Enchanting,300
20024,Enchanting,275
20649,Leatherworking,150
20916,Cooking,175
20051,Enchanting,290
20650,Leatherworking,200
20026,Enchanting,275
20033,Enchanting,295
20890,Blacksmithing,300
20028,Enchanting,290
21175,Cooking,200
20648,Leatherworking,100
20855,Leatherworking,300
20853,Leatherworking,295
20849,Tailoring,300
20032,Enchanting,300
20848,Tailoring,300
20873,Blacksmithing,300
20034,Enchanting,300
20874,Blacksmithing,295
20897,Blacksmithing,300
20876,Blacksmithing,300
21161,Blacksmithing,300
20872,Blacksmithing,295
21144,Cooking,35
21943,Leatherworking,190
21143,Cooking,1
21923,Alchemy,190
21945,Tailoring,190
21913,Blacksmithing,190
21931,Enchanting,190
21940,Engineering,190
22704,Engineering,300
22757,Blacksmithing,300
22727,Leatherworking,300
22331,Leatherworking,250
22732,Alchemy,300
22750,Enchanting,300
22480,Cooking,225
22761,Cooking,275
22808,Alchemy,215
22867,Tailoring,300
22711,Leatherworking,200
22868,Tailoring,300
22928,Leatherworking,300
22926,Leatherworking,300
22793,Engineering,300
22759,Tailoring,300
22749,Enchanting,300
22869,Tailoring,300
22922,Leatherworking,300
22795,Engineering,300
22870,Tailoring,300
22902,Tailoring,300
22921,Leatherworking,300
23070,Engineering,250
22967,Mining,300
22866,Tailoring,300
23078,Engineering,265
22797,Engineering,300
23081,Engineering,290
23077,Engineering,260
23067,Engineering,150
23068,Engineering,150
23069,Engineering,200
22923,Leatherworking,300
23082,Engineering,300
23071,Engineering,260
23096,Engineering,265
23080,Engineering,275
23399,Leatherworking,155
23079,Engineering,275
22927,Leatherworking,300
23066,Engineering,150
23129,Engineering,260
23650,Blacksmithing,300
23633,Blacksmithing,300
23638,Blacksmithing,300
23662,Tailoring,290
23632,Blacksmithing,290
23190,Leatherworking,150
23639,Blacksmithing,300
23507,Engineering,250
23787,First Aid,300
23628,Blacksmithing,290
23629,Blacksmithing,300
23637,Blacksmithing,300
23636,Blacksmithing,300
23800,Enchanting,290
23664,Tailoring,290
23663,Tailoring,300
23653,Blacksmithing,300
23803,Enchanting,300
23665,Tailoring,300
23666,Tailoring,300
23710,Leatherworking,300
23709,Leatherworking,300
23704,Leatherworking,300
23652,Blacksmithing,300
24121,Leatherworking,300
23703,Leatherworking,290
24091,Tailoring,300
24092,Tailoring,300
23799,Enchanting,290
23707,Leatherworking,300
23706,Leatherworking,300
23705,Leatherworking,290
23804,Enchanting,300
23708,Leatherworking,300
24125,Leatherworking,300
24141,Blacksmithing,300
24093,Tailoring,300
23802,Enchanting,300
24123,Leatherworking,300
24136,Blacksmithing,300
23801,Enchanting,290
24122,Leatherworking,300
24138,Blacksmithing,300
23667,Tailoring,300
24137,Blacksmithing,300
24366,Alchemy,275
24124,Leatherworking,300
24801,Cooking,285
24357,Engineering,300
24399,Blacksmithing,300
24418,Cooking,150
24140,Blacksmithing,300
24846,Leatherworking,300
24368,Alchemy,290
24655,Leatherworking,280
24139,Blacksmithing,300
24849,Leatherworking,300
24850,Leatherworking,300
24365,Alchemy,275
24848,Leatherworking,300
24703,Leatherworking,300
24914,Blacksmithing,300
24847,Leatherworking,300
24356,Engineering,300
24851,Leatherworking,300
24654,Leatherworking,300
24902,Tailoring,300
24901,Tailoring,300
25074,Enchanting,300
24912,Blacksmithing,300
25072,Enchanting,300
25278,Jewelcrafting,50
24367,Alchemy,285
25128,Enchanting,275
24913,Blacksmithing,300
25126,Enchanting,200
25129,Enchanting,300
25127,Enchanting,250
25283,Jewelcrafting,30
25083,Enchanting,300
25130,Enchanting,300
24940,Leatherworking,100
25084,Enchanting,300
25125,Enchanting,150
25610,Jewelcrafting,120
25086,Enchanting,300
25339,Jewelcrafting,110
25079,Enchanting,300
25080,Enchanting,300
25321,Jewelcrafting,120
25073,Enchanting,300
25305,Jewelcrafting,90
25612,Jewelcrafting,125
25082,Enchanting,300
25146,Alchemy,300
25081,Enchanting,300
25078,Enchanting,300
25323,Jewelcrafting,125
24903,Tailoring,300
25124,Enchanting,45
25317,Jewelcrafting,80
25498,Jewelcrafting,110
25490,Jewelcrafting,50
25280,Jewelcrafting,50
25284,Jewelcrafting,60
25615,Jewelcrafting,150
25621,Jewelcrafting,180
25704,Cooking,80
25620,Jewelcrafting,170
25320,Jewelcrafting,150
25617,Jewelcrafting,150
25613,Jewelcrafting,135
25659,Cooking,300
25618,Jewelcrafting,160
25619,Jewelcrafting,170
25318,Jewelcrafting,100
26277,Alchemy,250
25954,Cooking,175
26279,Leatherworking,300
26085,Tailoring,260
26422,Engineering,175
25287,Jewelcrafting,70
26421,Engineering,175
25622,Jewelcrafting,190
26087,Tailoring,300
26417,Engineering,125
26747,Tailoring,325
26424,Engineering,225
26745,Tailoring,300
26086,Tailoring,285
26420,Engineering,175
26418,Engineering,125
26427,Engineering,275
26416,Engineering,125
26426,Engineering,275
26423,Engineering,225
26774,Tailoring,345
26425,Engineering,225
26746,Tailoring,315
26403,Tailoring,250
26407,Tailoring,250
26775,Tailoring,340
26443,Engineering,275
26763,Tailoring,375
26751,Tailoring,350
26765,Tailoring,310
26760,Tailoring,355
26771,Tailoring,325
26770,Tailoring,320
26428,Engineering,275
26011,Engineering,250
26762,Tailoring,375
26764,Tailoring,310
26772,Tailoring,335
26442,Engineering,225
26878,Jewelcrafting,225
26750,Tailoring,345
26779,Tailoring,355
26757,Tailoring,365
26753,Tailoring,365
26749,Tailoring,340
26752,Tailoring,355
26781,Tailoring,375
26883,Jewelcrafting,235
26782,Tailoring,350
26873,Jewelcrafting,200
26773,Tailoring,340
26780,Tailoring,365
26777,Tailoring,360
26876,Jewelcrafting,220
26880,Jewelcrafting,225
26776,Tailoring,350
26783,Tailoring,360
26755,Tailoring,375
26897,Jewelcrafting,250
26754,Tailoring,375
26902,Jewelcrafting,260
26756,Tailoring,355
26906,Jewelcrafting,275
26872,Jewelcrafting,200
26909,Jewelcrafting,285
26896,Jewelcrafting,250
26874,Jewelcrafting,210
26784,Tailoring,370
26758,Tailoring,375
26903,Jewelcrafting,275
26759,Tailoring,375
26761,Tailoring,365
26885,Jewelcrafting,240
26914,Jewelcrafting,300
26881,Jewelcrafting,225
26920,Jewelcrafting,325
26916,Jewelcrafting,310
26918,Jewelcrafting,315
26875,Jewelcrafting,215
26882,Jewelcrafting,235
26907,Jewelcrafting,280
26911,Jewelcrafting,290
26912,Jewelcrafting,300
27032,First Aid,300
26778,Tailoring,360
26908,Jewelcrafting,280
26910,Jewelcrafting,285
27033,First Aid,330
26915,Jewelcrafting,305
26900,Jewelcrafting,260
26887,Jewelcrafting,245
26928,Jewelcrafting,30
26926,Jewelcrafting,5
26927,Jewelcrafting,50
27588,Blacksmithing,300
27589,Blacksmithing,300
27660,Tailoring,300
27590,Blacksmithing,300
27659,Tailoring,275
27899,Enchanting,305
27587,Blacksmithing,300
27658,Tailoring,225
27586,Blacksmithing,300
27829,Blacksmithing,300
27968,Enchanting,340
27911,Enchanting,325
27917,Enchanting,360
27585,Blacksmithing,300
27945,Enchanting,325
27724,Tailoring,275
27725,Tailoring,300
27946,Enchanting,340
27913,Enchanting,335
27905,Enchanting,315
27951,Enchanting,340
27927,Enchanting,375
27830,Blacksmithing,300
27837,Enchanting,290
27914,Enchanting,350
27960,Enchanting,345
27962,Enchanting,330
27926,Enchanting,370
28003,Enchanting,360
27920,Enchanting,360
27906,Enchanting,320
27950,Enchanting,320
27967,Enchanting,340
28016,Enchanting,310
27924,Enchanting,360
27948,Enchanting,305
27975,Enchanting,350
27947,Enchanting,360
27977,Enchanting,360
27832,Blacksmithing,300
27954,Enchanting,370
28022,Enchanting,335
28027,Enchanting,325
27961,Enchanting,310
27957,Enchanting,315
28019,Enchanting,340
27972,Enchanting,350
27958,Enchanting,350
27944,Enchanting,310
27981,Enchanting,375
27982,Enchanting,375
28220,Leatherworking,300
28028,Enchanting,350
27971,Enchanting,350
28462,Blacksmithing,300
28207,Tailoring,300
28210,Tailoring,300
28205,Tailoring,300
28243,Blacksmithing,300
28544,Alchemy,305
28223,Leatherworking,300
28481,Tailoring,300
28222,Leatherworking,300
28208,Tailoring,300
28474,Leatherworking,300
28267,Cooking,60
28472,Leatherworking,300
28473,Leatherworking,300
28219,Leatherworking,300
28244,Blacksmithing,300
28209,Tailoring,300
28555,Alchemy,340
28224,Leatherworking,300
28549,Alchemy,320
28480,Tailoring,300
28553,Alchemy,330
28558,Alchemy,350
28004,Enchanting,360
28543,Alchemy,305
28242,Blacksmithing,300
28567,Alchemy,350
28568,Alchemy,350
28463,Blacksmithing,300
28554,Alchemy,335
28551,Alchemy,325
28482,Tailoring,300
28327,Engineering,275
28566,Alchemy,350
28546,Alchemy,315
28221,Leatherworking,300
27984,Enchanting,375
28550,Alchemy,320
28461,Blacksmithing,300
28569,Alchemy,350
28570,Alchemy,355
28545,Alchemy,310
28556,Alchemy,345
28552,Alchemy,325
28562,Alchemy,350
28905,Jewelcrafting,305
28578,Alchemy,365
28564,Alchemy,350
28572,Alchemy,360
28906,Jewelcrafting,315
28571,Alchemy,360
28557,Alchemy,345
28563,Alchemy,350
28903,Jewelcrafting,300
28573,Alchemy,360
28936,Jewelcrafting,325
28917,Jewelcrafting,305
28910,Jewelcrafting,300
28907,Jewelcrafting,325
28575,Alchemy,360
28565,Alchemy,350
28916,Jewelcrafting,300
28591,Alchemy,360
28924,Jewelcrafting,325
28914,Jewelcrafting,315
28918,Jewelcrafting,315
28957,Jewelcrafting,325
28955,Jewelcrafting,315
28577,Alchemy,360
28953,Jewelcrafting,305
28915,Jewelcrafting,325
29359,Mining,350
28912,Jewelcrafting,305
28925,Jewelcrafting,300
28927,Jewelcrafting,305
28933,Jewelcrafting,315
28579,Alchemy,365
29360,Mining,350
28938,Jewelcrafting,300
28576,Alchemy,360
29361,Mining,375
28947,Jewelcrafting,315
28950,Jewelcrafting,300
29550,Blacksmithing,325
29548,Blacksmithing,315
29358,Mining,325
29356,Mining,275
28948,Jewelcrafting,325
29608,Blacksmithing,355
29568,Blacksmithing,330
29610,Blacksmithing,360
29557,Blacksmithing,310
29611,Blacksmithing,355
29545,Blacksmithing,300
29566,Blacksmithing,325
29549,Blacksmithing,315
29552,Blacksmithing,310
29613,Blacksmithing,365
29547,Blacksmithing,305
28944,Jewelcrafting,305
29614,Blacksmithing,350
29551,Blacksmithing,300
29553,Blacksmithing,315
29619,Blacksmithing,360
29622,Blacksmithing,365
29617,Blacksmithing,365
29571,Blacksmithing,335
29642,Blacksmithing,365
29621,Blacksmithing,365
29556,Blacksmithing,320
29558,Blacksmithing,315
29565,Blacksmithing,320
29569,Blacksmithing,330
29630,Blacksmithing,365
29603,Blacksmithing,335
29628,Blacksmithing,360
29606,Blacksmithing,340
29643,Blacksmithing,365
29657,Blacksmithing,360
29605,Blacksmithing,335
29629,Blacksmithing,360
29663,Blacksmithing,365
29664,Blacksmithing,365
29728,Blacksmithing,340
29662,Blacksmithing,365
29645,Blacksmithing,370
29656,Blacksmithing,350
29694,Blacksmithing,365
29615,Blacksmithing,355
29620,Blacksmithing,360
29686,Mining,375
29693,Blacksmithing,365
29692,Blacksmithing,365
29688,Alchemy,350
29669,Blacksmithing,365
29649,Blacksmithing,370
29668,Blacksmithing,365
29697,Blacksmithing,365
30305,Engineering,300
30307,Engineering,340
30304,Engineering,300
29658,Blacksmithing,365
29654,Blacksmithing,300
30311,Engineering,325
29648,Blacksmithing,370
29616,Blacksmithing,360
29695,Blacksmithing,365
29672,Blacksmithing,365
29698,Blacksmithing,365
30341,Engineering,335
29700,Blacksmithing,365
30312,Engineering,320
29671,Blacksmithing,365
30303,Engineering,300
30310,Engineering,300
29729,Blacksmithing,375
30316,Engineering,340
30308,Engineering,340
30306,Engineering,325
29696,Blacksmithing,365
30309,Engineering,340
30318,Engineering,350
30314,Engineering,360
29699,Blacksmithing,365
30334,Engineering,375
30346,Engineering,310
30325,Engineering,360
30313,Engineering,350
30315,Engineering,375
30332,Engineering,360
30552,Engineering,345
30560,Engineering,340
30349,Engineering,405
30329,Engineering,335
30317,Engineering,340
30547,Engineering,350
30569,Engineering,340
30337,Engineering,325
30558,Engineering,325
30348,Engineering,325
30548,Engineering,305
31048,Jewelcrafting,310
30551,Engineering,330
31051,Jewelcrafting,335
31053,Jewelcrafting,350
30566,Engineering,375
30344,Engineering,335
30565,Engineering,375
31049,Jewelcrafting,310
31052,Jewelcrafting,335
30556,Engineering,355
31061,Jewelcrafting,365
31054,Jewelcrafting,355
30574,Engineering,375
31058,Jewelcrafting,345
31057,Jewelcrafting,365
31070,Jewelcrafting,360
30575,Engineering,375
30568,Engineering,325
30347,Engineering,335
31080,Jewelcrafting,370
31056,Jewelcrafting,360
31065,Jewelcrafting,360
31050,Jewelcrafting,320
31090,Jewelcrafting,350
31082,Jewelcrafting,370
31099,Jewelcrafting,350
31084,Jewelcrafting,350
31078,Jewelcrafting,370
30563,Engineering,350
31063,Jewelcrafting,360
31097,Jewelcrafting,350
31105,Jewelcrafting,350
31096,Jewelcrafting,350
31064,Jewelcrafting,360
31091,Jewelcrafting,350
31062,Jewelcrafting,360
31098,Jewelcrafting,350
31060,Jewelcrafting,355
30570,Engineering,350
31109,Jewelcrafting,350
31110,Jewelcrafting,350
31101,Jewelcrafting,350
31088,Jewelcrafting,350
31102,Jewelcrafting,350
31108,Jewelcrafting,350
31112,Jewelcrafting,350
31055,Jewelcrafting,355
31087,Jewelcrafting,350
31095,Jewelcrafting,350
31111,Jewelcrafting,350
31066,Jewelcrafting,360
31067,Jewelcrafting,355
31113,Jewelcrafting,350
31103,Jewelcrafting,350
31089,Jewelcrafting,350
31104,Jewelcrafting,350
31076,Jewelcrafting,365
31106,Jewelcrafting,350
31068,Jewelcrafting,355
31092,Jewelcrafting,350
31085,Jewelcrafting,350
31094,Jewelcrafting,350
31077,Jewelcrafting,370
31083,Jewelcrafting,370
31079,Jewelcrafting,370
31107,Jewelcrafting,350
31081,Jewelcrafting,370
31149,Jewelcrafting,350
31071,Jewelcrafting,360
31100,Jewelcrafting,350
31373,Tailoring,350
31438,Tailoring,350
31437,Tailoring,350
32178,Jewelcrafting,20
31459,Tailoring,340
31072,Jewelcrafting,365
31448,Tailoring,365
32179,Jewelcrafting,20
31433,Tailoring,375
31440,Tailoring,350
31444,Tailoring,365
31451,Tailoring,375
31430,Tailoring,335
31442,Tailoring,365
32284,Blacksmithing,325
32454,Leatherworking,300
31431,Tailoring,335
31432,Tailoring,375
31449,Tailoring,365
31450,Tailoring,365
31443,Tailoring,365
32285,Blacksmithing,350
31434,Tailoring,350
31454,Tailoring,375
32456,Leatherworking,300
31435,Tailoring,350
31453,Tailoring,375
32466,Leatherworking,300
31455,Tailoring,375
32467,Leatherworking,310
31441,Tailoring,350
32480,Leatherworking,320
31456,Tailoring,375
31460,Tailoring,300
32457,Leatherworking,325
32461,Leatherworking,350
31452,Tailoring,375
32455,Leatherworking,325
32465,Leatherworking,335
32462,Leatherworking,300
32479,Leatherworking,310
32473,Leatherworking,330
32489,Leatherworking,350
32469,Leatherworking,335
32478,Leatherworking,300
32472,Leatherworking,320
32464,Leatherworking,320
32458,Leatherworking,325
32470,Leatherworking,300
32498,Leatherworking,350
32495,Leatherworking,360
32471,Leatherworking,315
32657,Blacksmithing,360
32808,Jewelcrafting,175
32656,Blacksmithing,350
32482,Leatherworking,300
32502,Leatherworking,340
32485,Leatherworking,350
32468,Leatherworking,325
32807,Jewelcrafting,110
32496,Leatherworking,355
32463,Leatherworking,310
32866,Jewelcrafting,365
32667,Enchanting,375
32765,Alchemy,350
32766,Alchemy,350
32867,Jewelcrafting,365
32497,Leatherworking,355
33278,Cooking,50
32655,Blacksmithing,300
32490,Leatherworking,340
32814,Engineering,335
32487,Leatherworking,350
32874,Jewelcrafting,365
32868,Jewelcrafting,365
32664,Enchanting,300
32481,Leatherworking,330
32493,Leatherworking,350
32494,Leatherworking,350
33284,Cooking,300
32809,Jewelcrafting,225
32872,Jewelcrafting,365
33292,Cooking,310
32870,Jewelcrafting,365
32501,Leatherworking,340
32500,Leatherworking,360
33276,Cooking,1
33293,Cooking,320
33277,Cooking,1
33286,Cooking,315
32801,Jewelcrafting,50
33740,Alchemy,300
33279,Cooking,300
32665,Enchanting,350
33290,Cooking,300
33994,Enchanting,360
33996,Enchanting,310
33993,Enchanting,305
32503,Leatherworking,350
33990,Enchanting,320
32488,Leatherworking,350
33991,Enchanting,300
33288,Cooking,325
33285,Cooking,310
33289,Cooking,325
32871,Jewelcrafting,365
34007,Enchanting,360
34009,Enchanting,325
33295,Cooking,325
33741,Alchemy,315
33294,Cooking,320
32499,Leatherworking,360
33291,Cooking,300
32869,Jewelcrafting,365
34006,Enchanting,350
34069,Jewelcrafting,325
33738,Alchemy,300
32873,Jewelcrafting,365
33287,Cooking,325
33732,Alchemy,300
34002,Enchanting,300
34008,Enchanting,360
33995,Enchanting,340
33296,Cooking,350
33733,Alchemy,310
33997,Enchanting,360
34004,Enchanting,310
33992,Enchanting,345
34010,Enchanting,350
33999,Enchanting,350
34003,Enchanting,325
34005,Enchanting,350
34543,Blacksmithing,350
34538,Blacksmithing,350
34961,Jewelcrafting,290
34546,Blacksmithing,375
34001,Enchanting,305
34608,Blacksmithing,350
34982,Blacksmithing,300
34545,Blacksmithing,350
34590,Jewelcrafting,305
34983,Blacksmithing,350
34959,Jewelcrafting,200
34535,Blacksmithing,350
34960,Jewelcrafting,280
34955,Jewelcrafting,180
34541,Blacksmithing,350
34607,Blacksmithing,300
34544,Blacksmithing,375
34529,Blacksmithing,350
34981,Blacksmithing,200
34542,Blacksmithing,375
34540,Blacksmithing,375
34530,Blacksmithing,375
34548,Blacksmithing,375
34534,Blacksmithing,375
34979,Blacksmithing,100
34547,Blacksmithing,350
34537,Blacksmithing,375
34533,Blacksmithing,350
35522,Leatherworking,340
35527,Leatherworking,350
35520,Leatherworking,340
35529,Leatherworking,350
35528,Leatherworking,350
35535,Leatherworking,350
35539,Leatherworking,350
35523,Leatherworking,340
35521,Leatherworking,340
35544,Leatherworking,345
35557,Leatherworking,365
35524,Leatherworking,340
35526,Leatherworking,350
35543,Leatherworking,365
35525,Leatherworking,350
35531,Leatherworking,350
35549,Leatherworking,335
35540,Leatherworking,340
35555,Leatherworking,335
35534,Leatherworking,350
35554,Leatherworking,365
35562,Leatherworking,365
35580,Leatherworking,375
35533,Leatherworking,350
35558,Leatherworking,365
35577,Leatherworking,375
35530,Leatherworking,325
35532,Leatherworking,350
35575,Leatherworking,375
35538,Leatherworking,370
35563,Leatherworking,365
35573,Leatherworking,365
35572,Leatherworking,365
35536,Leatherworking,350
35590,Leatherworking,375
35567,Leatherworking,365
35564,Leatherworking,365
35751,Mining,300
35576,Leatherworking,375
35585,Leatherworking,375
35561,Leatherworking,365
35587,Leatherworking,375
35589,Leatherworking,375
35588,Leatherworking,375
35582,Leatherworking,375
35537,Leatherworking,350
35560,Leatherworking,365
36076,Leatherworking,260
35591,Leatherworking,375
35584,Leatherworking,375
35559,Leatherworking,365
36075,Leatherworking,260
35568,Leatherworking,365
35750,Mining,300
35574,Leatherworking,365
36074,Leatherworking,260
36136,Blacksmithing,330
36129,Blacksmithing,330
36079,Leatherworking,330
36122,Blacksmithing,260
36125,Blacksmithing,260
36133,Blacksmithing,330
36124,Blacksmithing,260
36078,Leatherworking,330
36128,Blacksmithing,260
36256,Blacksmithing,375
36259,Blacksmithing,375
36077,Leatherworking,330
36131,Blacksmithing,330
36137,Blacksmithing,330
36262,Blacksmithing,375
36134,Blacksmithing,330
36135,Blacksmithing,330
36126,Blacksmithing,260
36210,Cooking,300
36317,Tailoring,375
36359,Leatherworking,375
36524,Jewelcrafting,105
36358,Leatherworking,375
36260,Blacksmithing,375
36352,Leatherworking,375
36318,Tailoring,375
36353,Leatherworking,375
36257,Blacksmithing,375
36261,Blacksmithing,375
36316,Tailoring,375
36351,Leatherworking,375
36130,Blacksmithing,330
36258,Blacksmithing,375
36391,Blacksmithing,375
36392,Blacksmithing,375
36355,Leatherworking,375
36389,Blacksmithing,375
36349,Leatherworking,375
36390,Blacksmithing,375
36315,Tailoring,375
36263,Blacksmithing,375
36526,Jewelcrafting,265
37836,Cooking,1
36357,Leatherworking,375
37884,Tailoring,370
36525,Jewelcrafting,230
36523,Jewelcrafting,75
37882,Tailoring,350
37855,Jewelcrafting,360
37883,Tailoring,360
37818,Jewelcrafting,65
36686,Tailoring,350
38175,Jewelcrafting,80
37873,Tailoring,350
38479,Blacksmithing,375
38868,Cooking,335
38070,Alchemy,325
38503,Jewelcrafting,375
38962,Alchemy,345
38867,Cooking,335
38475,Blacksmithing,375
38960,Alchemy,335
38477,Blacksmithing,375
38068,Jewelcrafting,325
39462,Jewelcrafting,350
38478,Blacksmithing,375
38476,Blacksmithing,375
38961,Alchemy,360
39467,Jewelcrafting,325
38473,Blacksmithing,375
39452,Jewelcrafting,350
39451,Jewelcrafting,325
39471,Jewelcrafting,350
38504,Jewelcrafting,375
39470,Jewelcrafting,350
39637,Alchemy,320
39710,Jewelcrafting,375
39455,Jewelcrafting,325
39458,Jewelcrafting,325
39638,Alchemy,320
39712,Jewelcrafting,375
39717,Jewelcrafting,375
39463,Jewelcrafting,350
39728,Jewelcrafting,375
39639,Alchemy,330
39466,Jewelcrafting,325
39715,Jewelcrafting,375
39723,Jewelcrafting,375
39716,Jewelcrafting,375
39724,Jewelcrafting,375
39711,Jewelcrafting,375
39722,Jewelcrafting,375
39714,Jewelcrafting,375
39725,Jewelcrafting,375
39719,Jewelcrafting,375
39729,Jewelcrafting,375
39713,Jewelcrafting,375
39730,Jewelcrafting,375
39718,Jewelcrafting,375
39735,Jewelcrafting,375
39636,Alchemy,310
39733,Jewelcrafting,375
39734,Jewelcrafting,375
39706,Jewelcrafting,375
39731,Jewelcrafting,375
39721,Jewelcrafting,375
39720,Jewelcrafting,375
39739,Jewelcrafting,375
39727,Jewelcrafting,375
39732,Jewelcrafting,375
39741,Jewelcrafting,375
39736,Jewelcrafting,375
39738,Jewelcrafting,375
39705,Jewelcrafting,375
39740,Jewelcrafting,375
39742,Jewelcrafting,375
39895,Engineering,275
39737,Jewelcrafting,375
40005,Leatherworking,375
39973,Engineering,335
40020,Tailoring,375
39997,Leatherworking,375
40035,Blacksmithing,375
40006,Leatherworking,375
39971,Engineering,335
40023,Tailoring,375
40002,Leatherworking,375
39961,Jewelcrafting,365
40036,Blacksmithing,375
39963,Jewelcrafting,365
40004,Leatherworking,375
40001,Leatherworking,375
40003,Leatherworking,375
40021,Tailoring,375
40034,Blacksmithing,375
40024,Tailoring,375
41156,Leatherworking,375
40514,Jewelcrafting,340
40033,Blacksmithing,375
41134,Blacksmithing,375
40060,Tailoring,375
41132,Blacksmithing,375
41319,Engineering,350
41135,Blacksmithing,375
41314,Engineering,350
41205,Tailoring,375
41307,Engineering,375
41320,Engineering,350
41208,Tailoring,375
41206,Tailoring,375
41157,Leatherworking,375
41429,Jewelcrafting,350
41163,Leatherworking,375
41158,Leatherworking,375
40274,Engineering,350
41414,Jewelcrafting,325
41317,Engineering,350
41133,Blacksmithing,375
41321,Engineering,350
41160,Leatherworking,375
41207,Tailoring,375
41161,Leatherworking,375
41420,Jewelcrafting,325
41415,Jewelcrafting,330
41164,Leatherworking,375
41315,Engineering,350
41318,Engineering,350
41311,Engineering,350
41162,Leatherworking,375
42589,Jewelcrafting,360
41418,Jewelcrafting,365
41312,Engineering,350
42588,Jewelcrafting,360
42591,Jewelcrafting,360
41316,Engineering,350
42546,Leatherworking,360
42593,Jewelcrafting,360
42974,Enchanting,375
42615,Enchanting,335
42590,Jewelcrafting,360
42613,Enchanting,300
42558,Jewelcrafting,360
42592,Jewelcrafting,360
42736,Alchemy,375
42620,Enchanting,350
43707,Cooking,325
43549,Blacksmithing,35
42731,Leatherworking,365
42688,Blacksmithing,335
44483,Enchanting,400
43493,Jewelcrafting,350
43761,Cooking,300
43676,Engineering,335
43772,Cooking,300
44344,Leatherworking,315
43779,Cooking,1
43765,Cooking,325
42662,Blacksmithing,365
43846,Blacksmithing,365
44509,Enchanting,420
44506,Enchanting,375
44391,Engineering,360
44383,Enchanting,330
44500,Enchanting,395
43758,Cooking,300
44359,Leatherworking,350
44513,Enchanting,395
44343,Leatherworking,315
44575,Enchanting,430
44488,Enchanting,410
44489,Enchanting,420
44584,Enchanting,405
44508,Enchanting,410
44155,Engineering,300
44510,Enchanting,410
44588,Enchanting,410
44591,Enchanting,435
44484,Enchanting,405
44582,Enchanting,395
44555,Enchanting,375
44492,Enchanting,395
44589,Enchanting,415
44593,Enchanting,420
44621,Enchanting,430
44645,Enchanting,400
44616,Enchanting,400
44623,Enchanting,370
44529,Enchanting,415
44157,Engineering,375
44595,Enchanting,430
44625,Enchanting,435
44629,Enchanting,395
44635,Enchanting,395
44528,Enchanting,385
44636,Enchanting,400
44630,Enchanting,390
44576,Enchanting,425
44592,Enchanting,360
44524,Enchanting,425
44556,Enchanting,400
44633,Enchanting,410
44494,Enchanting,400
44598,Enchanting,415
45061,Alchemy,325
45545,First Aid,350
44970,Leatherworking,350
44950,Tailoring,250
44770,Leatherworking,350
44631,Enchanting,440
44953,Leatherworking,285
45117,Leatherworking,350
44794,Jewelcrafting,365
44590,Enchanting,400
45100,Leatherworking,300
45546,First Aid,400
44596,Enchanting,400
44768,Leatherworking,350
45022,Cooking,325
45566,Cooking,350
45555,Cooking,400
45562,Cooking,350
45551,Cooking,350
45557,Cooking,400
45553,Cooking,350
45567,Cooking,400
45550,Cooking,350
45569,Cooking,350
44958,Tailoring,250
45568,Cooking,400
45570,Cooking,400
45556,Cooking,400
45765,Enchanting,375
45560,Cooking,350
45554,Cooking,375
45563,Cooking,350
45564,Cooking,350
45559,Cooking,400
45558,Cooking,400
45695,Cooking,100
46125,Jewelcrafting,365
46111,Engineering,375
46114,Engineering,375
45549,Cooking,350
46109,Engineering,375
45571,Cooking,400
45565,Cooking,350
46108,Engineering,375
45552,Cooking,350
46128,Tailoring,365
45561,Cooking,350
46127,Jewelcrafting,365
46126,Jewelcrafting,365
46123,Jewelcrafting,365
46140,Blacksmithing,365
46131,Tailoring,365
46133,Leatherworking,365
46106,Engineering,375
46110,Engineering,375
46601,Jewelcrafting,370
46115,Engineering,375
46353,Mining,375
46684,Cooking,250
46124,Jewelcrafting,365
46116,Engineering,375
46578,Enchanting,350
46136,Leatherworking,365
46403,Jewelcrafting,350
46129,Tailoring,365
46113,Engineering,375
46404,Jewelcrafting,350
46778,Jewelcrafting,375
46688,Cooking,250
46138,Leatherworking,365
46107,Engineering,375
46134,Leatherworking,365
46594,Enchanting,360
46139,Leatherworking,365
46777,Jewelcrafting,375
46141,Blacksmithing,365
46137,Leatherworking,365
46132,Leatherworking,365
46597,Jewelcrafting,370
46130,Tailoring,365
46775,Jewelcrafting,375
46776,Jewelcrafting,375
46697,Engineering,355
46135,Leatherworking,365
46405,Jewelcrafting,350
46112,Engineering,375
47056,Jewelcrafting,375
46803,Jewelcrafting,350
47053,Jewelcrafting,375
46779,Jewelcrafting,375
46144,Blacksmithing,365
47051,Enchanting,375
47049,Alchemy,375
47766,Enchanting,400
47050,Alchemy,375
46142,Blacksmithing,365
47900,Enchanting,425
46122,Jewelcrafting,365
47899,Enchanting,440
47046,Alchemy,375
47672,Enchanting,430
47055,Jewelcrafting,375
47048,Alchemy,375
47901,Enchanting,440
47280,Jewelcrafting,350
47898,Enchanting,430
47054,Jewelcrafting,375
48121,Inscription,100
48248,Inscription,35
49258,Mining,400
49252,Mining,350
50194,Tailoring,375
50610,Inscription,355
48789,Jewelcrafting,375
50644,Tailoring,250
50620,Inscription,400
50602,Inscription,310
50598,Inscription,75
50608,Inscription,255
50614,Inscription,155
50599,Inscription,165
50619,Inscription,350
50603,Inscription,360
50605,Inscription,75
50600,Inscription,215
50604,Inscription,410
50606,Inscription,160
50609,Inscription,295
50617,Inscription,250
50942,Leatherworking,375
49677,Tailoring,250
50941,Leatherworking,370
50616,Inscription,205
50601,Inscription,260
50612,Inscription,75
50936,Leatherworking,390
50939,Leatherworking,370
50611,Inscription,405
50948,Leatherworking,370
50947,Leatherworking,375
50607,Inscription,210
50943,Leatherworking,380
50938,Leatherworking,375
50940,Leatherworking,380
50946,Leatherworking,380
50952,Leatherworking,375
50647,Tailoring,245
50956,Leatherworking,375
50971,Leatherworking,415
50945,Leatherworking,375
50955,Leatherworking,370
50944,Leatherworking,370
50618,Inscription,290
50962,Leatherworking,350
50970,Leatherworking,415
50954,Leatherworking,380
50966,Leatherworking,400
50965,Leatherworking,425
50967,Leatherworking,425
50958,Leatherworking,380
50964,Leatherworking,405
50953,Leatherworking,380
50959,Leatherworking,370
50960,Leatherworking,380
50950,Leatherworking,375
50957,Leatherworking,370
50961,Leatherworking,375
50951,Leatherworking,370
51572,Leatherworking,385
50949,Leatherworking,380
51570,Leatherworking,395
52569,Blacksmithing,350
51568,Leatherworking,400
53462,Inscription,75
53281,Engineering,350
52572,Blacksmithing,360
53056,Cooking,350
51569,Leatherworking,395
52739,Inscription,35
51571,Leatherworking,385
50963,Leatherworking,395
52570,Blacksmithing,375
53812,Alchemy,375
52567,Blacksmithing,370
52733,Leatherworking,375
53848,Alchemy,375
52571,Blacksmithing,370
52840,Inscription,75
53837,Alchemy,410
52568,Blacksmithing,350
53905,Alchemy,395
52843,Inscription,35
53838,Alchemy,350
53901,Alchemy,435
53839,Alchemy,360
53847,Alchemy,385
53842,Alchemy,365
53841,Alchemy,355
53903,Alchemy,435
53836,Alchemy,405
53899,Alchemy,375
53840,Alchemy,395
53950,Jewelcrafting,390
53936,Alchemy,400
53939,Alchemy,400
53898,Alchemy,390
53958,Jewelcrafting,390
53949,Jewelcrafting,390
53902,Alchemy,435
53957,Jewelcrafting,390
53895,Alchemy,400
53937,Alchemy,400
53830,Jewelcrafting,390
53945,Jewelcrafting,390
53948,Jewelcrafting,390
53954,Jewelcrafting,390
53965,Jewelcrafting,390
53904,Alchemy,400
53966,Jewelcrafting,390
53972,Jewelcrafting,390
53970,Jewelcrafting,390
53900,Alchemy,380
53938,Alchemy,400
53981,Jewelcrafting,390
53974,Jewelcrafting,390
53953,Jewelcrafting,390
53963,Jewelcrafting,390
53942,Alchemy,400
53968,Jewelcrafting,390
53955,Jewelcrafting,390
53976,Jewelcrafting,390
53973,Jewelcrafting,390
53962,Jewelcrafting,390
53979,Jewelcrafting,390
53967,Jewelcrafting,390
53964,Jewelcrafting,390
53946,Jewelcrafting,390
53978,Jewelcrafting,390
53951,Jewelcrafting,390
53975,Jewelcrafting,390
53947,Jewelcrafting,390
53956,Jewelcrafting,390
53959,Jewelcrafting,390
53991,Jewelcrafting,390
53961,Jewelcrafting,390
53984,Jewelcrafting,390
53952,Jewelcrafting,390
53983,Jewelcrafting,390
53986,Jewelcrafting,390
53969,Jewelcrafting,390
53971,Jewelcrafting,390
53977,Jewelcrafting,390
54007,Jewelcrafting,390
53990,Jewelcrafting,390
53960,Jewelcrafting,390
53987,Jewelcrafting,390
54011,Jewelcrafting,390
53996,Jewelcrafting,390
53988,Jewelcrafting,390
53992,Jewelcrafting,390
53995,Jewelcrafting,390
53989,Jewelcrafting,390
54009,Jewelcrafting,390
53997,Jewelcrafting,390
53985,Jewelcrafting,390
54006,Jewelcrafting,390
54012,Jewelcrafting,390
53998,Jewelcrafting,390
54221,Alchemy,400
54556,Blacksmithing,405
54008,Jewelcrafting,390
54004,Jewelcrafting,390
54014,Jewelcrafting,390
53982,Jewelcrafting,390
54552,Blacksmithing,400
54793,Engineering,380
54218,Alchemy,385
54000,Jewelcrafting,390
54222,Alchemy,400
54002,Jewelcrafting,390
54550,Blacksmithing,360
54013,Jewelcrafting,390
54001,Jewelcrafting,390
53980,Jewelcrafting,390
54736,Engineering,390
54353,Engineering,400
53994,Jewelcrafting,390
54220,Alchemy,400
54213,Alchemy,435
54553,Blacksmithing,400
53993,Jewelcrafting,390
54023,Jewelcrafting,390
54557,Blacksmithing,390
54005,Jewelcrafting,390
54551,Blacksmithing,395
54555,Blacksmithing,405
54019,Jewelcrafting,390
55016,Engineering,405
54999,Engineering,400
54941,Blacksmithing,385
54944,Blacksmithing,385
55002,Engineering,380
54010,Jewelcrafting,390
54981,Blacksmithing,375
55017,Blacksmithing,410
54998,Engineering,400
54948,Blacksmithing,400
54554,Blacksmithing,395
54949,Blacksmithing,400
55056,Blacksmithing,400
54917,Blacksmithing,375
54918,Blacksmithing,380
55055,Blacksmithing,395
55058,Blacksmithing,415
54980,Blacksmithing,375
55201,Blacksmithing,380
55174,Blacksmithing,390
54946,Blacksmithing,395
55181,Blacksmithing,405
54945,Blacksmithing,390
54003,Jewelcrafting,390
55183,Blacksmithing,415
54979,Blacksmithing,375
55177,Blacksmithing,395
55185,Blacksmithing,415
55200,Blacksmithing,380
54947,Blacksmithing,395
55186,Blacksmithing,415
55202,Blacksmithing,385
55015,Blacksmithing,415
55013,Blacksmithing,390
55199,Leatherworking,395
55298,Blacksmithing,420
55182,Blacksmithing,410
55179,Blacksmithing,400
55057,Blacksmithing,405
55304,Blacksmithing,425
55014,Blacksmithing,410
55211,Mining,450
55208,Mining,450
54978,Blacksmithing,375
55206,Blacksmithing,405
55301,Blacksmithing,420
55387,Jewelcrafting,420
55303,Blacksmithing,425
55308,Blacksmithing,420
55384,Jewelcrafting,420
55377,Blacksmithing,440
55302,Blacksmithing,425
55311,Blacksmithing,425
55203,Blacksmithing,385
55375,Blacksmithing,440
55373,Blacksmithing,440
55309,Blacksmithing,420
55369,Blacksmithing,440
55372,Blacksmithing,440
55371,Blacksmithing,440
55204,Blacksmithing,390
55306,Blacksmithing,420
55376,Blacksmithing,440
55305,Blacksmithing,420
55187,Blacksmithing,415
55393,Jewelcrafting,420
55388,Jewelcrafting,420
55398,Jewelcrafting,420
55300,Blacksmithing,420
55390,Jewelcrafting,420
55312,Blacksmithing,425
55374,Blacksmithing,440
55386,Jewelcrafting,420
55389,Jewelcrafting,420
55394,Jewelcrafting,420
55907,Tailoring,380
55370,Blacksmithing,440
55405,Jewelcrafting,420
55397,Jewelcrafting,420
55307,Blacksmithing,420
55392,Jewelcrafting,420
55400,Jewelcrafting,420
55310,Blacksmithing,425
55184,Blacksmithing,415
55900,Tailoring,400
55835,Blacksmithing,370
55401,Jewelcrafting,420
55396,Jewelcrafting,420
55642,Tailoring,420
55403,Jewelcrafting,420
55899,Tailoring,350
55395,Jewelcrafting,420
55656,Blacksmithing,415
55902,Tailoring,350
55777,Tailoring,420
55839,Blacksmithing,420
55404,Jewelcrafting,420
55904,Tailoring,360
55402,Jewelcrafting,420
55834,Blacksmithing,360
55941,Tailoring,420
55914,Tailoring,395
55923,Tailoring,410
55898,Tailoring,360
55901,Tailoring,395
55911,Tailoring,390
55407,Jewelcrafting,420
55995,Tailoring,400
55925,Tailoring,415
56008,Tailoring,400
55913,Tailoring,385
55997,Tailoring,400
55924,Tailoring,410
56003,Tailoring,415
55943,Tailoring,415
56009,Tailoring,430
55922,Tailoring,405
56010,Tailoring,400
55921,Tailoring,405
55994,Tailoring,400
56000,Tailoring,400
55920,Tailoring,400
55919,Tailoring,395
55399,Jewelcrafting,420
55769,Tailoring,420
56011,Tailoring,430
55998,Tailoring,400
56021,Tailoring,425
55993,Tailoring,400
56016,Tailoring,415
56020,Tailoring,420
56007,Tailoring,410
55996,Tailoring,400
56028,Tailoring,440
55732,Blacksmithing,420
55910,Tailoring,385
55908,Tailoring,370
55906,Tailoring,375
56019,Tailoring,420
56018,Tailoring,425
56014,Tailoring,390
55903,Tailoring,360
56005,Tailoring,445
56031,Tailoring,350
56017,Tailoring,420
56024,Tailoring,440
56022,Tailoring,420
56025,Tailoring,435
56026,Tailoring,440
56197,Jewelcrafting,420
56084,Jewelcrafting,370
56002,Tailoring,415
56081,Jewelcrafting,370
56053,Jewelcrafting,370
56001,Tailoring,415
56015,Tailoring,395
56052,Jewelcrafting,370
56004,Tailoring,435
56030,Tailoring,380
56085,Jewelcrafting,370
56034,Tailoring,405
56054,Jewelcrafting,370
56079,Jewelcrafting,370
56039,Tailoring,405
55999,Tailoring,400
56089,Jewelcrafting,370
56027,Tailoring,435
56056,Jewelcrafting,370
56029,Tailoring,435
56088,Jewelcrafting,370
56006,Tailoring,440
56049,Jewelcrafting,370
56023,Tailoring,420
56194,Jewelcrafting,350
56234,Blacksmithing,440
56195,Jewelcrafting,380
56206,Jewelcrafting,360
56074,Jewelcrafting,370
56464,Engineering,375
56462,Engineering,435
56477,Engineering,415
56203,Jewelcrafting,400
56076,Jewelcrafting,370
56199,Jewelcrafting,400
56205,Jewelcrafting,350
56349,Engineering,350
56461,Engineering,375
56471,Engineering,390
56196,Jewelcrafting,380
56473,Engineering,425
56400,Blacksmithing,440
56466,Engineering,420
56202,Jewelcrafting,400
56469,Engineering,425
56087,Jewelcrafting,370
56487,Engineering,440
56480,Engineering,440
56474,Engineering,410
56475,Engineering,415
56484,Engineering,440
56083,Jewelcrafting,370
56500,Jewelcrafting,440
56208,Jewelcrafting,370
56055,Jewelcrafting,370
56497,Jewelcrafting,430
56479,Engineering,450
56193,Jewelcrafting,350
56519,Alchemy,400
56498,Jewelcrafting,430
56486,Engineering,440
56478,Engineering,430
56483,Engineering,440
56514,Engineering,425
56551,Blacksmithing,420
56550,Blacksmithing,420
56531,Jewelcrafting,390
56472,Engineering,425
56496,Jewelcrafting,430
56460,Engineering,350
56470,Engineering,425
56957,Inscription,260
56555,Blacksmithing,425
56574,Engineering,440
56530,Jewelcrafting,360
56463,Engineering,375
56951,Inscription,130
56201,Jewelcrafting,400
56955,Inscription,80
56086,Jewelcrafting,370
56960,Inscription,385
56958,Inscription,385
56945,Inscription,115
56973,Inscription,130
56468,Engineering,405
56982,Inscription,205
56280,Blacksmithing,410
56987,Inscription,400
56968,Inscription,100
56977,Inscription,385
56988,Inscription,385
56976,Inscription,80
56991,Inscription,315
56979,Inscription,225
56077,Jewelcrafting,370
56467,Engineering,420
56989,Inscription,385
56459,Engineering,375
56986,Inscription,385
56983,Inscription,385
56997,Inscription,115
56990,Inscription,75
56984,Inscription,325
56985,Inscription,280
56994,Inscription,175
56357,Blacksmithing,420
56476,Engineering,410
56501,Jewelcrafting,440
57001,Inscription,225
57003,Inscription,350
57009,Inscription,90
56481,Engineering,440
56549,Blacksmithing,420
56499,Jewelcrafting,440
56465,Engineering,420
56959,Inscription,220
57000,Inscription,200
57008,Inscription,315
57006,Inscription,375
56953,Inscription,170
56950,Inscription,385
56948,Inscription,150
56946,Inscription,385
56961,Inscription,90
56554,Blacksmithing,425
57011,Inscription,385
57004,Inscription,80
56947,Inscription,385
56944,Inscription,385
56971,Inscription,115
56949,Inscription,385
56943,Inscription,350
56553,Blacksmithing,420
56996,Inscription,385
57013,Inscription,385
56954,Inscription,385
57012,Inscription,385
57019,Inscription,385
56956,Inscription,200
57020,Inscription,180
56978,Inscription,90
56975,Inscription,385
57034,Inscription,385
56552,Blacksmithing,420
57005,Inscription,130
57025,Inscription,265
56963,Inscription,85
56981,Inscription,175
57023,Inscription,205
56952,Inscription,310
56972,Inscription,335
56556,Blacksmithing,425
56995,Inscription,100
57010,Inscription,385
57033,Inscription,335
56998,Inscription,385
57021,Inscription,385
57030,Inscription,120
56965,Inscription,75
56974,Inscription,155
57035,Inscription,385
57007,Inscription,150
57027,Inscription,90
57124,Inscription,385
56999,Inscription,385
57032,Inscription,155
57114,Inscription,80
57031,Inscription,135
57026,Inscription,300
57117,Inscription,385
57022,Inscription,80
56980,Inscription,375
57113,Inscription,340
57002,Inscription,260
57029,Inscription,105
57024,Inscription,230
57116,Inscription,385
57112,Inscription,385
57132,Inscription,235
57125,Inscription,160
57157,Inscription,125
57014,Inscription,385
57028,Inscription,385
57153,Inscription,385
57036,Inscription,375
57127,Inscription,385
57155,Inscription,385
57151,Inscription,220
57159,Inscription,385
57119,Inscription,95
57122,Inscription,305
57160,Inscription,385
57120,Inscription,105
57133,Inscription,285
57121,Inscription,120
57166,Inscription,385
57164,Inscription,385
57172,Inscription,345
57126,Inscription,385
57131,Inscription,210
57158,Inscription,95
57123,Inscription,135
57128,Inscription,385
57129,Inscription,185
57152,Inscription,385
57115,Inscription,385
57165,Inscription,190
57154,Inscription,240
57156,Inscription,285
57130,Inscription,385
57170,Inscription,385
57193,Inscription,385
57167,Inscription,140
57169,Inscription,385
57161,Inscription,170
57168,Inscription,320
57163,Inscription,110
57197,Inscription,160
57201,Inscription,210
57184,Inscription,105
57213,Inscription,285
57214,Inscription,385
57194,Inscription,80
57202,Inscription,385
57199,Inscription,385
57187,Inscription,315
57191,Inscription,385
57195,Inscription,385
57192,Inscription,350
57186,Inscription,120
57207,Inscription,385
57215,Inscription,75
57222,Inscription,350
57218,Inscription,385
57190,Inscription,385
57211,Inscription,385
57219,Inscription,280
57228,Inscription,75
57198,Inscription,375
57162,Inscription,85
57226,Inscription,305
57200,Inscription,180
57196,Inscription,95
57224,Inscription,330
57209,Inscription,75
57220,Inscription,385
57221,Inscription,300
57227,Inscription,345
57217,Inscription,75
57236,Inscription,300
57237,Inscription,385
57243,Inscription,385
57240,Inscription,125
57245,Inscription,140
57223,Inscription,385
57183,Inscription,230
57188,Inscription,135
57261,Inscription,385
57263,Inscription,385
57259,Inscription,85
57234,Inscription,385
57181,Inscription,385
57242,Inscription,215
57250,Inscription,385
57257,Inscription,350
57267,Inscription,385
57270,Inscription,215
57253,Inscription,75
57235,Inscription,385
57189,Inscription,385
57277,Inscription,190
57276,Inscription,385
57260,Inscription,385
57185,Inscription,270
57258,Inscription,385
57268,Inscription,385
57425,Alchemy,430
57246,Inscription,95
57423,Cooking,450
57427,Alchemy,425
57212,Inscription,385
57210,Inscription,265
57441,Cooking,400
57273,Inscription,385
57439,Cooking,400
57442,Cooking,400
57437,Cooking,400
57440,Cooking,400
57691,Leatherworking,400
57690,Leatherworking,400
57683,Leatherworking,400
57216,Inscription,270
57696,Leatherworking,400
57704,Inscription,100
57699,Leatherworking,400
57232,Inscription,385
57238,Inscription,110
57241,Inscription,185
57703,Inscription,85
57707,Inscription,150
57708,Inscription,175
57225,Inscription,375
57264,Inscription,385
57249,Inscription,165
57244,Inscription,235
57247,Inscription,385
57706,Inscription,125
57208,Inscription,385
57265,Inscription,110
57710,Inscription,225
57230,Inscription,75
57715,Inscription,350
57269,Inscription,140
57713,Inscription,290
57229,Inscription,75
57239,Inscription,85
57233,Inscription,385
57712,Inscription,275
57251,Inscription,275
57266,Inscription,95
57274,Inscription,240
57262,Inscription,125
57252,Inscription,330
58065,Cooking,350
57434,Cooking,400
57433,Cooking,400
57248,Inscription,375
57435,Cooking,400
57271,Inscription,165
57692,Leatherworking,400
58148,Jewelcrafting,420
57275,Inscription,325
58147,Jewelcrafting,420
57443,Cooking,400
57694,Leatherworking,400
57701,Leatherworking,400
58141,Jewelcrafting,350
58150,Jewelcrafting,420
58305,Inscription,75
57438,Cooking,400
58303,Inscription,75
57436,Cooking,400
58146,Jewelcrafting,390
57272,Inscription,275
58300,Inscription,75
57709,Inscription,200
58297,Inscription,75
58308,Inscription,75
58301,Inscription,75
58307,Inscription,75
58302,Inscription,75
58314,Inscription,75
58319,Inscription,75
58317,Inscription,75
58322,Inscription,75
58299,Inscription,75
58315,Inscription,75
58325,Inscription,75
58145,Jewelcrafting,390
58324,Inscription,75
58296,Inscription,75
58329,Inscription,75
58316,Inscription,75
58312,Inscription,75
58328,Inscription,75
58337,Inscription,75
58333,Inscription,75
58321,Inscription,75
58339,Inscription,75
58343,Inscription,75
57716,Inscription,375
57719,Inscription,385
58318,Inscription,75
58338,Inscription,75
58344,Inscription,75
57711,Inscription,250
57714,Inscription,325
58345,Inscription,75
58287,Inscription,75
58347,Inscription,75
58473,Inscription,85
58143,Jewelcrafting,370
58320,Inscription,75
58142,Jewelcrafting,350
58481,Inscription,310
58310,Inscription,75
58472,Inscription,15
58286,Inscription,75
58327,Inscription,75
58346,Inscription,75
58289,Inscription,75
58484,Inscription,15
58489,Inscription,305
58306,Inscription,75
58486,Inscription,170
58144,Jewelcrafting,370
58149,Jewelcrafting,420
58512,Cooking,350
58521,Cooking,350
58311,Inscription,75
58288,Inscription,75
58332,Inscription,75
58330,Inscription,75
58313,Inscription,75
58326,Inscription,75
58523,Cooking,350
58490,Inscription,365
58331,Inscription,75
58298,Inscription,75
58336,Inscription,75
58476,Inscription,175
58485,Inscription,80
58491,Inscription,415
58341,Inscription,75
58565,Inscription,110
58342,Inscription,75
58868,Alchemy,410
58483,Inscription,420
58871,Alchemy,410
58323,Inscription,75
58340,Inscription,75
59315,Inscription,75
59340,Inscription,340
59339,Inscription,320
59326,Inscription,75
59405,Blacksmithing,350
58480,Inscription,270
59478,Inscription,125
58488,Inscription,265
59387,Inscription,200
59489,Inscription,225
59406,Blacksmithing,430
59486,Inscription,175
59438,Blacksmithing,400
58487,Inscription,220
58525,Cooking,350
58482,Inscription,370
59499,Inscription,200
59500,Inscription,350
59441,Blacksmithing,415
58507,Jewelcrafting,420
59496,Inscription,325
59475,Inscription,125
59484,Inscription,175
59636,Enchanting,400
59498,Inscription,400
59588,Tailoring,420
59589,Tailoring,420
58954,Jewelcrafting,420
59561,Inscription,385
58528,Cooking,425
59442,Blacksmithing,410
59436,Blacksmithing,395
58527,Cooking,425
59488,Inscription,235
59621,Enchanting,440
58478,Inscription,225
59440,Blacksmithing,405
59559,Inscription,385
59619,Enchanting,440
59494,Inscription,275
59490,Inscription,225
59582,Tailoring,415
59759,Jewelcrafting,400
59501,Inscription,400
59493,Inscription,275
59586,Tailoring,420
59560,Inscription,385
59495,Inscription,325
59585,Tailoring,420
59583,Tailoring,415
59497,Inscription,400
59338,Inscription,310
58492,Jewelcrafting,420
59584,Tailoring,420
59587,Tailoring,420
59625,Enchanting,440
60355,Alchemy,400
60336,Inscription,200
60367,Alchemy,395
60366,Alchemy,400
60365,Alchemy,400
60354,Alchemy,400
60356,Alchemy,400
60350,Alchemy,395
60396,Alchemy,400
60357,Alchemy,400
60337,Inscription,350
60608,Leatherworking,385
60403,Alchemy,400
60583,Leatherworking,405
60584,Leatherworking,400
60609,Enchanting,350
60601,Leatherworking,395
60600,Leatherworking,385
60611,Leatherworking,395
60613,Leatherworking,395
60622,Leatherworking,385
60640,Leatherworking,440
60607,Leatherworking,385
60405,Alchemy,400
60663,Enchanting,420
60605,Leatherworking,400
60616,Enchanting,360
60604,Leatherworking,395
60655,Leatherworking,425
60623,Enchanting,385
60619,Enchanting,425
60620,Leatherworking,400
60629,Leatherworking,395
60606,Enchanting,375
60621,Enchanting,380
60692,Enchanting,440
60665,Leatherworking,420
60624,Leatherworking,385
60631,Leatherworking,380
60651,Leatherworking,420
60647,Leatherworking,415
60660,Leatherworking,425
60668,Enchanting,425
60653,Enchanting,395
60671,Leatherworking,420
60669,Leatherworking,425
60630,Leatherworking,400
60627,Leatherworking,395
60697,Leatherworking,420
60691,Enchanting,430
60707,Enchanting,435
60637,Leatherworking,440
60652,Leatherworking,420
60643,Leatherworking,415
60705,Leatherworking,425
60658,Leatherworking,420
60727,Leatherworking,425
60645,Leatherworking,415
60723,Leatherworking,425
60706,Leatherworking,425
60599,Leatherworking,385
60752,Leatherworking,425
60732,Leatherworking,425
60712,Leatherworking,425
60666,Leatherworking,420
60704,Leatherworking,420
60735,Leatherworking,425
60714,Enchanting,435
60746,Leatherworking,420
60649,Leatherworking,425
60729,Leatherworking,420
60721,Leatherworking,425
60718,Leatherworking,420
60758,Leatherworking,440
60711,Leatherworking,425
60748,Leatherworking,420
60866,Engineering,450
60728,Leatherworking,420
60757,Leatherworking,440
60702,Leatherworking,420
60763,Enchanting,440
60759,Leatherworking,440
60767,Enchanting,440
60761,Leatherworking,440
60874,Engineering,450
60749,Leatherworking,425
60703,Leatherworking,420
60996,Leatherworking,425
60731,Leatherworking,420
60737,Leatherworking,425
60715,Leatherworking,420
60756,Leatherworking,440
60725,Leatherworking,425
61010,Blacksmithing,420
60999,Leatherworking,425
60755,Leatherworking,440
61008,Blacksmithing,425
60750,Leatherworking,425
60743,Leatherworking,420
60747,Leatherworking,420
60971,Tailoring,425
60751,Leatherworking,425
60730,Leatherworking,420
61000,Leatherworking,420
61118,Inscription,400
60734,Leatherworking,425
61677,Inscription,385
60990,Tailoring,420
60720,Leatherworking,420
60994,Tailoring,420
60716,Leatherworking,420
60754,Leatherworking,440
60760,Leatherworking,440
60993,Tailoring,425
61120,Inscription,400
61117,Inscription,400
60997,Leatherworking,420
62242,Jewelcrafting,425
60998,Leatherworking,420
61471,Engineering,390
61009,Blacksmithing,420
60867,Engineering,450
61481,Engineering,420
60969,Tailoring,300
61483,Engineering,420
62350,Cooking,400
62050,Cooking,1
61002,Leatherworking,420
62045,Cooking,280
62410,Alchemy,400
62256,Enchanting,450
62044,Cooking,100
61119,Inscription,400
62409,Alchemy,375
62271,Engineering,440
62051,Cooking,220
63191,Blacksmithing,450
62162,Inscription,375
62202,Blacksmithing,450
62213,Alchemy,385
63192,Blacksmithing,450
62948,Enchanting,450
63187,Blacksmithing,450
63182,Blacksmithing,440
62049,Cooking,160
63194,Leatherworking,450
62959,Enchanting,385
63188,Blacksmithing,450
63197,Leatherworking,450
62176,Leatherworking,440
63199,Leatherworking,450
63198,Leatherworking,450
63190,Blacksmithing,450
63195,Leatherworking,450
63743,Jewelcrafting,200
63765,Engineering,380
61482,Engineering,420
62177,Leatherworking,440
63746,Enchanting,225
63189,Blacksmithing,450
63201,Leatherworking,450
63203,Tailoring,450
63742,Tailoring,125
63196,Leatherworking,450
63732,Alchemy,135
62448,Leatherworking,425
64267,Inscription,280
63200,Leatherworking,450
63204,Tailoring,450
63770,Engineering,400
64259,Inscription,255
64053,Inscription,350
64258,Inscription,250
64260,Inscription,255
63205,Tailoring,450
63750,Engineering,250
63206,Tailoring,450
64262,Inscription,255
64266,Inscription,275
63924,Tailoring,435
64358,Cooking,400
64261,Inscription,250
64661,Leatherworking,350
64441,Enchanting,450
64725,Jewelcrafting,420
64579,Enchanting,450
65454,Cooking,1
64730,Tailoring,405
64728,Jewelcrafting,420
66035,Cooking,160
64312,Inscription,75
66431,Jewelcrafting,450
66445,Jewelcrafting,450
66428,Jewelcrafting,450
66437,Jewelcrafting,450
66448,Jewelcrafting,450
66037,Cooking,280
64726,Jewelcrafting,420
66438,Jewelcrafting,450
66429,Jewelcrafting,450
66436,Jewelcrafting,450
66433,Jewelcrafting,450
66499,Jewelcrafting,450
66036,Cooking,100
66502,Jewelcrafting,450
66505,Jewelcrafting,450
66554,Jewelcrafting,450
66038,Cooking,1
66432,Jewelcrafting,450
64729,Tailoring,400
66498,Jewelcrafting,450
66443,Jewelcrafting,450
66435,Jewelcrafting,450
66449,Jewelcrafting,450
66430,Jewelcrafting,450
66338,Jewelcrafting,450
66500,Jewelcrafting,450
66447,Jewelcrafting,450
66450,Jewelcrafting,450
66439,Jewelcrafting,450
66446,Jewelcrafting,450
66034,Cooking,220
66442,Jewelcrafting,450
64727,Jewelcrafting,420
66557,Jewelcrafting,450
66440,Jewelcrafting,450
66503,Jewelcrafting,450
66504,Jewelcrafting,450
66556,Jewelcrafting,450
66441,Jewelcrafting,450
66434,Jewelcrafting,450
66560,Jewelcrafting,450
66555,Jewelcrafting,450
66444,Jewelcrafting,450
66574,Jewelcrafting,450
66452,Jewelcrafting,450
66453,Jewelcrafting,450
66561,Jewelcrafting,450
66564,Jewelcrafting,450
66572,Jewelcrafting,450
66658,Alchemy,450
66451,Jewelcrafting,450
66567,Jewelcrafting,450
66576,Jewelcrafting,450
66569,Jewelcrafting,450
66501,Jewelcrafting,450
66565,Jewelcrafting,450
66660,Alchemy,450
66581,Jewelcrafting,450
66506,Jewelcrafting,450
66558,Jewelcrafting,450
66579,Jewelcrafting,450
66664,Alchemy,450
66553,Jewelcrafting,450
66563,Jewelcrafting,450
66570,Jewelcrafting,450
66562,Jewelcrafting,450
66584,Jewelcrafting,450
66497,Jewelcrafting,450
66566,Jewelcrafting,450
66571,Jewelcrafting,450
66583,Jewelcrafting,450
66578,Jewelcrafting,450
66559,Jewelcrafting,450
66568,Jewelcrafting,450
67080,Leatherworking,450
66582,Jewelcrafting,450
66573,Jewelcrafting,450
67085,Leatherworking,450
66585,Jewelcrafting,450
67082,Leatherworking,450
67087,Leatherworking,450
66587,Jewelcrafting,450
66663,Alchemy,450
67079,Tailoring,450
66580,Jewelcrafting,450
67025,Alchemy,425
67064,Tailoring,450
67139,Leatherworking,450
67081,Leatherworking,450
67141,Leatherworking,450
67136,Leatherworking,450
67134,Blacksmithing,450
67132,Blacksmithing,450
67142,Leatherworking,450
67092,Blacksmithing,450
66662,Alchemy,450
67094,Blacksmithing,450
67131,Blacksmithing,450
67138,Leatherworking,450
67086,Leatherworking,450
66577,Jewelcrafting,450
66575,Jewelcrafting,450
67147,Tailoring,450
67135,Blacksmithing,450
67065,Tailoring,450
67083,Leatherworking,450
67091,Blacksmithing,450
67137,Leatherworking,450
67084,Leatherworking,450
67600,Inscription,100
67093,Blacksmithing,450
67066,Tailoring,450
67143,Leatherworking,450
66586,Jewelcrafting,450
68067,Engineering,450
67130,Blacksmithing,450
67095,Blacksmithing,450
67140,Leatherworking,450
69385,Inscription,440
67326,Engineering,410
67133,Blacksmithing,450
67096,Blacksmithing,450
70557,Leatherworking,450
68166,Inscription,75
67144,Tailoring,450
70552,Tailoring,450
70568,Blacksmithing,450
67146,Tailoring,450
70555,Leatherworking,450
70563,Blacksmithing,450
68253,Jewelcrafting,450
69386,Leatherworking,450
69388,Leatherworking,450
67920,Engineering,435
67839,Engineering,410
70550,Tailoring,450
67145,Tailoring,450
70562,Blacksmithing,450
70567,Blacksmithing,450
71692,Enchanting,375
70561,Leatherworking,450
71101,Inscription,250
70559,Leatherworking,450
72953,Engineering,450
71102,Inscription,375
70560,Leatherworking,450
70566,Blacksmithing,450
70553,Tailoring,450
71015,Inscription,375
70565,Blacksmithing,450
70524,Mining,250
70554,Leatherworking,450
72952,Engineering,450
70551,Tailoring,450
70558,Leatherworking,450
70556,Leatherworking,450
75597,Tailoring,425
